"ngram","Full_Rank","Tool_Rank","Control_Rank","Full_Freq","Tool_Freq","Control_Freq","Full vs Tool: LL","Full vs Tool: %DIFF","Full vs Tool: BIC","Full vs Tool: ELL","Full vs Tool: RRisk","Full vs Tool: LogRatio","Full vs Tool: OddsRatio","Full vs Control: LL","Full vs Control: %DIFF","Full vs Control: BIC","Full vs Control: ELL","Full vs Control: RRisk","Full vs Control: LogRatio","Full vs Control: OddsRatio","Tool vs Control: LL","Tool vs Control: %DIFF","Tool vs Control: BIC","Tool vs Control: ELL","Tool vs Control: RRisk","Tool vs Control: LogRatio","Tool vs Control: OddsRatio"
"letter","1","1","2","126","133","87","2.7224821326679326","22.813397129186602870813397056","-5.1119101702425074","0.0002280782187703914058771237","1.2281339712918660287081339706","0.296467946030593","1.2576461688101156381714038691","2.7315818199420888","25.736677115987460815047021883","-4.8964493069882512","0.0002892807150155422990562149","1.2573667711598746081504702188","0.330405542162277","1.2906606245132054096155207814","0.02915170926938328","2.3802614821621447340845706291","-7.74612413721747672","0.0000027328796299112498221736","1.0238026148216214473408457063","0.0339375961316843","1.0262509889680063293952405078"
"adam","2","2","1","110","130","102","0.5084225993123320","9.692307692307692307692307739","-7.3259697035981080","0.0000432915167383459250505542","1.0969230769230769230769230774","0.133462358528071","1.1076923076923076923076923073","0.2292373507610092","-6.3725490196078431372549019658","-7.3987937761693308","0.0000243016440449254586001288","0.9362745098039215686274509803","-0.0949965139357469","0.9291938997821350762527233112","1.4227136338075548","-14.645381294172648021340373497","-6.3525622126793052","0.0001318122633641591099036321","0.853546187058273519786596265","-0.228458872463818","0.8388556039699830549503752118"
"lazy","3","7","0","82","46","0","21.757080479373956","131.09090909090909090909090916","13.922688176463516","0.0021422257369540783057032134","2.3109090909090909090909090916","1.20846050659294","2.4165029469548133595284872334","97.157780331617544","14138.181818181818181818180542","89.529749204687204","0.0129655845037484974419013255","142.38181818181818181818180542","7.15362111912917","153.77013752455795677799607796","42.549907318426232","6061.2903225806451612903220267","34.774631471939372","0.00610775424178361243099339","61.612903225806451612903220267","5.94516061253624","63.633333333333333333333336235"
"love","4","4","5","80","68","45","6.574634940751992","52.513368983957219251336898378","-1.259757362158448","0.0006247855482667508279180312","1.5251336898395721925133689838","0.608935711668889","1.5663206459054209919261822374","5.608738985058800","54.343434343434343434343434306","-2.019292141871540","0.0006719146822342111108542653","1.5434343434343434343434343431","0.626144113068777","1.5860566448801742919389978197","0.00385588455875574","1.1999376655758142434159264324","-7.77141996192810426","0.0000004246235321126540403668","1.0119993766557581424341592643","0.0172084013998875","1.0126002290950744558991981663"
"ai","5","3","9","74","102","32","0.1618895761110480","-5.950089126559714795008912659","-7.6725027267993920","0.0000147699886124584159771419","0.9404991087344028520499108734","-0.0885015183106796","0.9362076214501395099950311507","11.699028839709344","100.76704545454545454545454564","4.070997712779004","0.0014608118518870711921660894","2.0076704545454545454545454564","1.00552248014004","2.0803484405458089668615984385","15.728651771296796","113.46861851332398316970547005","7.953375924809936","0.0016579932706837930881617049","2.1346861851332398316970547005","1.09402399845072","2.222101586102719033232628397"
"write","6","6","6","60","51","41","4.930976205563994","52.513368983957219251336898415","-2.903416097346446","0.0005033487363452425738349907","1.5251336898395721925133689842","0.608935711668889","1.5554298642533936651583710406","1.414015200603226","27.05099778270509977827050981","-6.214015926327114","0.0001787791325060296211745824","1.2705099778270509977827050981","0.345407705501524","1.2861163227016885553470919323","0.7523343654013242","-16.695173263093079738651524083","-7.0229414810855358","0.0000875705354670361621060385","0.8330482673690692026134847592","-0.263528006167365","0.8268558758314855875831485587"
"partner","7","5","4","50","61","56","0.1010633292336606","6.259314456035767511177347461","-7.7333289736767794","0.0000103164357198085217125086","1.0625931445603576751117734746","0.0875893102437047","1.0655737704918032786885245895","1.716984850136144","-22.483766233766233766233766181","-5.911046276794196","0.0002143931648476678664471","0.7751623376623376623376623382","-0.36742961777179","0.7644557823129251700680272104","2.879488674032506","-27.049939891805249449008214887","-4.895787172454354","0.0003142332518403267955181304","0.7295006010819475055099178511","-0.455018928015495","0.717412349555206698063840921"
"feelings","9","8","19","22","39","14","1.413014809212416","-26.871794871794871794871794975","-6.421377493698024","0.0001705687651665958188738277","0.7312820512820512820512820503","-0.451500142193085","0.7257980115122972265829408677","0.841553027072560","36.428571428571428571428571385","-6.786478099857780","0.0001453624088774387833743622","1.3642857142857142857142857138","0.448145811090782","1.371720116618075801749271132","4.366762108970920","86.56080945702264075335604108","-3.408513737515940","0.0005999891914379281972321766","1.8656080945702264075335604108","0.899645953283867","1.8899474714182717066639200697"
"written","10","25","49","21","14","5","3.814294416772448","94.45454545454545454545454624","-4.020097886137992","0.0005543325490207853277556737","1.9445454545454545454545454624","0.959432958753022","1.9629286376274328081556997191","8.455057458146418","264.63636363636363636363636618","0.827026331216078","0.0016511845167175046324652222","3.6463636363636363636363636618","1.86645844240249","3.6978683966635773864689527363","1.589071079658240","87.51753155680224403927068779","-6.186204766828620","0.000328625187989976517100373","1.8751753155680224403927068779","0.907025483649464","1.8838526912181303116147308821"
"€","11","10","46","20","30","6","0.2577291802050400","-13.575757575757575757575757358","-7.5766631227054000","0.0000331193175096906234630255","0.8642424242424242424242424264","-0.21049204268929","0.861728395061728395061728393","6.103848758929416","189.39393939393939393939394156","-1.524182368000924","0.0011920179860420618926373833","2.8939393939393939393939394156","1.5330347086773","2.9290123456790123456790123531","9.281201764456956","234.85273492286115007012622888","1.505925917970096","0.0014599600402016746607310802","3.3485273492286115007012622888","1.74352675136659","3.3989971346704871060171919938"
"™","12","11","53","19","26","5","0.0322096835062114","-5.2657342657342657342657340761","-7.8021826194042286","0.0000042856543980409500263412","0.9473426573426573426573426592","-0.0780417466656408","0.9464171351312886928058065878","6.848369729927584","229.90909090909090909090909357","-0.779661397002756","0.0013818024516403826074803444","3.2990909090909090909090909357","1.72206853306731","3.3395004625346901017576318187","8.401494250096634","248.24684431977559607293127841","0.626218403609774","0.0013999862070872751095911022","3.4824684431977559607293127841","1.80011027973295","3.5285714285714285714285714305"
"effort","8","9","10","34","39","30","0.2710398157997932","13.016317016317016317016316824","-7.5633524871106468","0.0000310193388791072222748198","1.1301631701631701631701631682","0.176531080419957","1.134314715928224371001106463","0.00417652434995448","-1.6060606060606060606060606219","-7.62385460258038552","0.000000599066772991662124432","0.9839393939393939393939393938","-0.0233586398470903","0.9834271419637273295809881201","0.3233091737723808","-12.938288920056100981767180792","-7.4519666727144792","0.0000408930642344738585315331","0.8706171107994389901823281921","-0.199889720267048","0.8669790915645277577505407359"
"personal","13","18","24","19","20","12","0.4211319065307760","23.154545454545454545454545836","-7.4132603963796640","0.0000588647827072140389365625","1.2315454545454545454545454584","0.300469876588089","1.2356151711378353376503237713","0.759604389415362","37.462121212121212121212121229","-6.868426737514978","0.0001385619399051982954717178","1.3746212121212121212121212123","0.459034127233518","1.3812056737588652482269503571","0.0913907225411896","11.617578307620383356708742071","-7.6838851239456704","0.0000150394820068927536392678","1.1161757830762038335670874207","0.158564250645429","1.1178283546704599336178283594"
"word","18","0","0","14","0","0","19.499062552705432","3529.8181818181818181818185936","11.664670249794992","0.0041888715571312908178492623","36.298181818181818181818185936","5.18182538008947","36.753222836095764272559857346","13.915505709776014","2330.9090909090909090909088693","6.287474582845674","0.0035493412205898906104059678","24.309090909090909090909088693","4.60342403656869","24.609576427255985267034991939","0.0399173903988630","-33.02945301542776998597476826","-7.7353584560879970","-0.0000183511602715841172947404","0.6697054698457223001402523174","-0.578401343520777","0.6695896176780077165906698864"
"genuine","20","31","7","12","11","36","0.689367365306952","41.421487603305785123966941879","-7.145024937603488","0.0001184413506705557524700239","1.4142148760330578512396694188","0.500001340115725","1.4187834224598930481283422475","16.190026776418896","-71.06060606060606060606060605","8.561995649488556","0.0025374105993524900982239054","0.2893939393939393939393939395","-1.78889338621007","0.2815563725490196078431372558","25.908068843377796","-79.53677731026959638460339718","18.132792996890936","0.0037053851146631824243462656","0.2046322268973040361539660282","-2.28889472632579","0.1984491558696505692972124072"
"chatgpt","19","17","50","13","20","5","0.233521204043046","-15.736363636363636363636363638","-7.600871098867394","0.0000346869658323255129047319","0.8426363636363636363636363636","-0.247017918714404","0.8407543698252069917203311816","2.641984370315780","125.72727272727272727272727385","-4.986046756614560","0.0006052757561742373005713314","2.2572727272727272727272727385","1.17458073776482","2.2723091076356945722171113047","4.621413703656800","167.8821879382889200561009831","-3.153862142830060","0.0008419491634627506773559705","2.678821879382889200561009831","1.42159865647922","2.7027027027027027027027027063"
"person","21","19","3","12","19","60","0.2980990577084932","-18.124401913875598086124401735","-7.5362932452019468","0.0000453429487037654082772685","0.8187559808612440191387559827","-0.288494554690563","0.8167569659442724458204334382","42.07673633265768","-82.63636363636363636363636365","34.44870520572734","0.0058328425590156729903096279","0.1736363636363636363636363635","-2.52585898037627","0.1645220588235294117647058829","41.945604035402960","-78.792660121552127162225339005","34.170328188916100","0.005097626161740419894576653","0.21207339878447872837774661","-2.23736442568571","0.2014333096422648661454631606"
"authentic","22","45","31","12","8","8","2.179596809584256","94.45454545454545454545454697","-5.654795493326184","0.0003986614138201166049362646","1.9445454545454545454545454697","0.959432958753022","1.9549632352941176470588235474","0.339825938276392","30.227272727272727272727271911","-7.288205188653948","0.0000741744388005183298909811","1.3022727272727272727272727191","0.381031615232245","1.3056066176470588235294117665","0.638678246381808","-33.029453015427769985974755502","-7.136597600105052","0.0001442904811825604109027714","0.669705469845722300140252445","-0.578401343520777","0.6678420310296191819464033798"
"express","23","16","42","10","21","6","1.655049929985304","-38.268398268398268398268398197","-6.179342372925136","0.0002517446537884713750908576","0.617316017316017316017316018","-0.695918869859532","0.6138051550895587592835299248","0.525127179217296","44.696969696969696969696970782","-7.102903947713044","0.0001273689362842483403025641","1.4469696969696969696969697078","0.533034708677295","1.4510703363914373088685015338","3.889823634490380","134.39691444600280504908836053","-3.885452211996480","0.0006857709807043820880738621","2.3439691444600280504908836053","1.22895357853683","2.3640569395017793594306049935"
"felt","26","35","0","9","10","0","0.1122202765635692","16.672727272727272727272727709","-7.7221720263468708","0.000021024004672037098407115","1.1667272727272727272727272771","0.222467364586816","1.168102658111824014665444547","8.098052851007906","1462.7272727272727272727271371","0.470021724077566","0.0026536919816654492795834453","15.627272727272727272727271371","3.9659941159534","15.747937671860678276810266602","7.146183695146510","1239.4109396914446002805047876","-0.629092151340350","0.0020874354450355483021615478","13.394109396914446002805047876","3.74352675136658","13.481638418079096045197740781"
"care","14","63","0","17","6","0","8.723910519356594","267.3030303030303030303030302","0.889518216446154","0.0014988695390034651623144743","3.673030303030303030303030302","1.87697079856105","3.714989227454601415820252396","17.474228188161304","2851.8181818181818181818179278","9.846197061230964","0.0040571357220098792758053203","29.518181818181818181818179278","4.88353195576143","29.965835641735918744228994919","3.539869602613620","703.64656381486676016830287638","-4.235406243873240","0.0015515101774264724022489241","8.036465638148667601683028764","3.00656115720038","8.066197183098591549295774997"
"people","24","24","38","10","14","6","0.0346437690997236","-7.4025974025974025974025969806","-7.7997485338107164","0.0000058442558685372017333436","0.9259740259740259740259740302","-0.110956369138376","0.9252948885976408912188728671","0.525127179217296","44.696969696969696969696970782","-7.102903947713044","0.0001273689362842483403025641","1.4469696969696969696969697078","0.533034708677295","1.4510703363914373088685015338","0.882324864231244","56.264609630668536699392239824","-6.892950982255616","0.0001779727058367178978092909","1.5626460963066853669939223982","0.643991077815671","1.5682247403210576015108593116"
"wrote","25","30","17","9","12","16","0.0040716432804180","-2.772727272727272727272727371","-7.8303206596300220","0.0000007283105131765262239657","0.9722727272727272727272727263","-0.0405670412469775","0.9720439963336388634280476646","3.100705453291976","-51.164772727272727272727272593","-4.527325673638364","0.0006152190113998524687241834","0.4883522727272727272727272741","-1.0340058840466","0.4841315307057745187901008255","3.294744221272752","-49.77208976157082748948106573","-4.480531625214108","0.0005721252006298465490117942","0.5022791023842917251051893427","-0.993438842799621","0.4980551626591230551626591226"
"find","29","47","0","9","8","0","0.603955786228644","45.840909090909090909090910677","-7.230436516681796","0.0001194352022563755789643978","1.4584090909090909090909091068","0.544395459474178","1.4621906507791017415215398865","8.098052851007906","1462.7272727272727272727271371","0.470021724077566","0.0026536919816654492795834453","15.627272727272727272727271371","3.9659941159534","15.747937671860678276810266602","5.312713141088912","971.5287517531556802244038224","-2.462562705397948","0.0018192351227029760950525518","10.715287517531556802244038224","3.42159865647922","10.770098730606488011283498316"
"bothered","27","56","0","9","7","0","1.038520388491612","66.675324675324675324675323941","-6.795871914418828","0.0002117861496655161544629462","1.6667532467532467532467532394","0.737040537416574","1.6722535026843001178473222673","8.098052851007906","1462.7272727272727272727271371","0.470021724077566","0.0026536919816654492795834453","15.627272727272727272727271371","3.9659941159534","15.747937671860678276810266602","4.416675541263300","837.587657784011220196353359","-3.358600305223560","0.0016842838087609345141606736","9.37587657784011220196353359","3.22895357853683","9.417195207892882311486963008"
"writing","15","12","15","17","25","19","0.1620948025433466","-11.847272727272727272727272334","-7.6722975003670934","0.0000220794834992294213555497","0.8815272727272727272727272767","-0.181922890492519","0.8796675900277008310249307498","0.573555939372816","-22.32057416267942583732057382","-7.054475187557524","0.0000990709679498380316644157","0.7767942583732057416267942618","-0.364395557682157","0.7732905671380667735821548327","0.1715981707919034","-11.880859230826013139440466528","-7.6036776756949566","0.0000251059567604393828393542","0.8811914076917398686055953347","-0.182472667189638","0.8790713400202862616927758345"
"better","31","23","0","8","14","0","0.469415108535784","-25.922077922077922077922077381","-7.364977194374656","0.0000822375061451876649768408","0.7407792207792207792207792262","-0.432884464025738","0.7388801674515960230245944483","6.962563183632398","1289.0909090909090909090907907","-0.665467943297942","0.0024663276000463810604109776","13.890909090909090909090907907","3.79606911451109","13.985347985347985347985348587","10.917834595657516","1775.1753155680224403927066988","3.142558749170656","0.0026044758152208375631527052","18.751753155680224403927066988","4.22895357853683","18.927762039660056657223796974"
"relationship","30","0","25","8","0","12","10.069785914800620","1974.1818181818181818181820657","2.235393611890180","0.0030460269455528552057057103","20.741818181818181818181820657","4.37447045803187","20.886446886446886446886449469","1.470658884722224","-42.121212121212121212121211989","-6.157372242208116","0.0003210034466307994445265085","0.5787878787878787878787878801","-0.788893386210067","0.5757020757020757020757020748","18.239591696305492","-97.20956054230949041608228177","10.464315849818632","0.0047516720667226801465497717","0.0279043945769050958391771823","-5.16336384424193","0.0275634280369461007833508676"
"gpt","33","43","0","8","8","0","0.268738959044464","29.636363636363636363636365244","-7.565653343865976","0.000054804113652320043798638","1.2963636363636363636363636524","0.374470458031866","1.2985347985347985347985348024","6.962563183632398","1289.0909090909090909090907907","-0.665467943297942","0.0024663276000463810604109776","13.890909090909090909090907907","3.79606911451109","13.985347985347985347985348587","5.312713141088912","971.5287517531556802244038224","-2.462562705397948","0.0018192351227029760950525518","10.715287517531556802244038224","3.42159865647922","10.770098730606488011283498316"
"chat","28","40","0","9","9","0","0.302331328925022","29.636363636363636363636364532","-7.532060973985418","0.0000581278134688925948124495","1.2963636363636363636363636453","0.374470458031866","1.2988084326306141154903758071","8.098052851007906","1462.7272727272727272727271371","0.470021724077566","0.0026536919816654492795834453","15.627272727272727272727271371","3.9659941159534","15.747937671860678276810266602","6.223565963201918","1105.469845722300140252454305","-1.551709883284942","0.0019539449049852981104966925","12.05469845722300140252454305","3.59152365792154","12.124911785462244177840508677"
"opinion","34","0","0","8","0","0","10.069785914800620","1974.1818181818181818181820657","2.235393611890180","0.0030460269455528552057057103","20.741818181818181818181820657","4.37447045803187","20.886446886446886446886449469","6.962563183632398","1289.0909090909090909090907907","-0.665467943297942","0.0024663276000463810604109776","13.890909090909090909090907907","3.79606911451109","13.985347985347985347985348587","0.0399173903988630","-33.02945301542776998597476826","-7.7353584560879970","-0.0000183511602715841172947404","0.6697054698457223001402523174","-0.578401343520777","0.6695896176780077165906698864"
"mean","32","0","0","8","0","0","10.069785914800620","1974.1818181818181818181820657","2.235393611890180","0.0030460269455528552057057103","20.741818181818181818181820657","4.37447045803187","20.886446886446886446886449469","6.962563183632398","1289.0909090909090909090907907","-0.665467943297942","0.0024663276000463810604109776","13.890909090909090909090907907","3.79606911451109","13.985347985347985347985348587","0.0399173903988630","-33.02945301542776998597476826","-7.7353584560879970","-0.0000183511602715841172947404","0.6697054698457223001402523174","-0.578401343520777","0.6695896176780077165906698864"
"nice","35","14","13","7","22","20","4.741630598253024","-58.752066115702479338842975015","-3.092761704657416","0.0007402023040767576167174212","0.4124793388429752066115702498","-1.27760623854783","0.4087166264659402811278383114","8.499153076698678","-69.613636363636363636363636138","0.871121949768338","0.0016350318195769625391757805","0.3038636363636363636363636386","-1.71850405831867","0.2994053064958828911253430935","0.969969996923236","-26.332398316970546984572229808","-6.805305849563624","0.0001442507395888829443657294","0.7366760168302945301542777019","-0.440897819770842","0.7325498575498575498575498574"
"lack","38","0","0","7","0","0","8.536389117752302","1714.9090909090909090909093111","0.701996814841862","0.0028552533015324309779223432","18.149090909090909090909093111","4.18182538008947","18.25892040256175663311985604","5.841888738544298","1115.4545454545454545454544442","-1.786142388386042","0.0022767951426694070864893439","12.154545454545454545454544442","3.60342403656869","12.225983531564501372369625525","0.0399173903988630","-33.02945301542776998597476826","-7.7353584560879970","-0.0000183511602715841172947404","0.6697054698457223001402523174","-0.578401343520777","0.6695896176780077165906698864"
"time","41","26","11","7","13","30","0.606566506691424","-30.19580419580419580419580415","-7.227825796219016","0.000110944675671303122434017","0.6980419580419580419580419585","-0.518614338051622","0.6961081004996832993173340849","18.835365991821600","-79.74242424242424242424242412","11.207334864891260","0.0032221170841189830514177824","0.2025757575757575757575757588","-2.30346655903983","0.1974687404696553827386398305","15.440014987779056","-70.979429640018700327255726824","7.664739141292196","0.0022772143244995333134261258","0.2902057035998129967274427318","-1.7848522209882","0.2836753951403632932295352693"
"copy","39","0","0","7","0","0","8.536389117752302","1714.9090909090909090909093111","0.701996814841862","0.0028552533015324309779223432","18.149090909090909090909093111","4.18182538008947","18.25892040256175663311985604","5.841888738544298","1115.4545454545454545454544442","-1.786142388386042","0.0022767951426694070864893439","12.154545454545454545454544442","3.60342403656869","12.225983531564501372369625525","0.0399173903988630","-33.02945301542776998597476826","-7.7353584560879970","-0.0000183511602715841172947404","0.6697054698457223001402523174","-0.578401343520777","0.6695896176780077165906698864"
"feeling","36","76","0","7","5","0","1.055574453300982","81.4909090909090909090909104","-6.778817849609458","0.000252714618595361819081531","1.814909090909090909090909104","0.859897285202108","1.8201280878316559926806953529","5.841888738544298","1115.4545454545454545454544442","-1.786142388386042","0.0022767951426694070864893439","12.154545454545454545454544442","3.60342403656869","12.225983531564501372369625525","2.689039890290730","569.7054698457223001402523938","-5.086235956196130","0.0014274489335869402241254558","6.697054698457223001402523938","2.74352675136658","6.7171006333567909922589728357"
"feels","16","38","22","14","9","13","2.779811958861094","101.65656565656565656565656617","-5.054580344049346","0.0004776041042660465956689153","2.0165656565656565656565656617","1.01190037864716","2.0296705545324329854716595055","0.0304509147115926","-6.503496503496503496503496783","-7.5975802122187474","0.0000058580206803402297097615","0.9349650349650349650349650322","-0.0970156815723987","0.9341266468338291542711432241","3.213185313672654","-53.635775164526917682597907258","-4.562090532814206","0.0006197586722596622032085702","0.4636422483547308231740209274","-1.10891606021956","0.4602356006731447804136583259"
"hard","43","64","0","6","6","0","0.201554219283348","29.636363636363636363636364298","-7.632838083627092","0.0000482540075626040397483437","1.296363636363636363636363643","0.374470458031866","1.2979890310786106032906764227","4.740445954632114","941.8181818181818181818180978","-2.887585172298226","0.0020866785147756947538746334","10.418181818181818181818180978","3.38103161523224","10.469835466179159049360146752","3.539869602613620","703.64656381486676016830287638","-4.235406243873240","0.0015515101774264724022489241","8.036465638148667601683028764","3.00656115720038","8.066197183098591549295774997"
"real","45","0","0","6","0","0","7.022223981879916","1455.6363636363636363636365564","-0.812168321030524","0.0026718344354857423653604843","15.556363636363636363636365564","3.95943295875302","15.636197440585009140767826504","4.740445954632114","941.8181818181818181818180978","-2.887585172298226","0.0020866785147756947538746334","10.418181818181818181818180978","3.38103161523224","10.469835466179159049360146752","0.0399173903988630","-33.02945301542776998597476826","-7.7353584560879970","-0.0000183511602715841172947404","0.6697054698457223001402523174","-0.578401343520777","0.6695896176780077165906698864"
"thought","40","21","0","7","16","0","1.667861545400396","-43.2840909090909090909090906","-6.166530757510044","0.0002865580590411960929243674","0.567159090909090909090909094","-0.81817461991053","0.5643870082342177493138151887","5.841888738544298","1115.4545454545454545454544442","-1.786142388386042","0.0022767951426694070864893439","12.154545454545454545454544442","3.60342403656869","12.225983531564501372369625525","12.837075723607426","2043.057503506311360448807664","5.061799877120566","0.0028529345662370912857919414","21.43057503506311360448807664","4.42159865647922","21.662411347517730496453901799"
"wanted","17","13","40","14","24","6","0.705450275131956","-24.378787878787878787878787836","-7.128942027778484","0.0000995188298562024539596635","0.7562121212121212121212121216","-0.403137120631686","0.7530693677102516881522406384","2.260304063227976","102.57575757575757575757575846","-5.367727063702364","0.0004933607665701652544976857","2.0257575757575757575757575846","1.01846153584754","2.0389809699201964395334561153","5.545696444388160","167.88218793828892005610098278","-2.229579402098700","0.0009362900557062002960419885","2.6788218793828892005610098278","1.42159865647922","2.7075606276747503566333808944"
"understand","42","55","0","6","7","0","0.0357863801055188","11.116883116883116883116883306","-7.7986059228049212","0.0000081720287535115620082331","1.1111688311688311688311688331","0.152078036695418","1.1117785322538521807260381409","4.740445954632114","941.8181818181818181818180978","-2.887585172298226","0.0020866785147756947538746334","10.418181818181818181818180978","3.38103161523224","10.469835466179159049360146752","4.416675541263300","837.587657784011220196353359","-3.358600305223560","0.0016842838087609345141606736","9.37587657784011220196353359","3.22895357853683","9.417195207892882311486963008"
"cares","44","20","12","6","16","23","2.490445386089720","-51.386363636363636363636363244","-5.343946916820720","0.0004363046992280498531074797","0.4861363636363636363636363676","-1.04056704124698","0.483318098720292504570383911","13.180987618670328","-77.35177865612648221343873503","5.552956491739988","0.0024660380525616522231908849","0.2264822134387351778656126497","-2.14253034082477","0.2222398855416898497734679278","5.626443778987448","-53.411793402036709555460698895","-2.148832067499412","0.0008592951212618614562003105","0.4658820659796329044453930111","-1.10196329957779","0.459821153253160653715695345"
"expressing","49","65","0","6","6","0","0.201554219283348","29.636363636363636363636364298","-7.632838083627092","0.0000482540075626040397483437","1.296363636363636363636363643","0.374470458031866","1.2979890310786106032906764227","4.740445954632114","941.8181818181818181818180978","-2.887585172298226","0.0020866785147756947538746334","10.418181818181818181818180978","3.38103161523224","10.469835466179159049360146752","3.539869602613620","703.64656381486676016830287638","-4.235406243873240","0.0015515101774264724022489241","8.036465638148667601683028764","3.00656115720038","8.066197183098591549295774997"
"things","48","33","29","6","11","9","0.480279506473468","-29.289256198347107438016528412","-7.354112796436972","0.0000949776147579366563245293","0.7071074380165289256198347159","-0.499998659884275","0.7055010802725610769486455041","1.102994163541668","-42.121212121212121212121211877","-6.525036963388672","0.0002764219044988877198386264","0.5787878787878787878787878812","-0.788893386210067","0.5764777574649603900060938435","0.196847960844520","-18.147109241078385538413589153","-7.578427885642340","0.000039705969592575998833018","0.8185289075892161446158641085","-0.288894726325792","0.8171181782489202983902630525"
"work","55","78","0","5","5","0","0.167961849402790","29.636363636363636363636362537","-7.666430453507650","0.0000451947918893921287660997","1.2963636363636363636363636254","0.374470458031866","1.2977168949771689497716895135","3.664979397046710","768.18181818181818181818173223","-3.963051729883630","0.0019004594715068836032412656","8.681818181818181818181817322","3.11799720939845","8.716894977168949771689498188","2.689039890290730","569.7054698457223001402523938","-5.086235956196130","0.0014274489335869402241254558","6.697054698457223001402523938","2.74352675136658","6.7171006333567909922589728357"
"give","50","0","0","6","0","0","7.022223981879916","1455.6363636363636363636365564","-0.812168321030524","0.0026718344354857423653604843","15.556363636363636363636365564","3.95943295875302","15.636197440585009140767826504","4.740445954632114","941.8181818181818181818180978","-2.887585172298226","0.0020866785147756947538746334","10.418181818181818181818180978","3.38103161523224","10.469835466179159049360146752","0.0399173903988630","-33.02945301542776998597476826","-7.7353584560879970","-0.0000183511602715841172947404","0.6697054698457223001402523174","-0.578401343520777","0.6695896176780077165906698864"
"heart","47","15","20","6","22","13","6.037054023371420","-64.644628099173553719008264206","-1.797338279539020","0.0009556508883953467656143933","0.3535537190082644628099173579","-1.49999865988428","0.3500083097889313611434269567","3.725018181828082","-59.93006993006993006993006963","-3.903012945102258","0.0008322138300753125694209158","0.4006993006993006993006993037","-1.31940810290885","0.3974124595696807762621290974","0.1293428962216866","13.334771820045312331427338466","-7.6459329502651734","0.0000205629752830267748244704","1.1333477182004531233142733847","0.180590556975428","1.1354372123602892833662064486"
"needed","51","41","0","5","8","0","0.1382481694372920","-18.977272727272727272727272837","-7.6961441334731480","0.0000315697763347587448223771","0.8102272727272727272727272716","-0.303601447080772","0.8093607305936073059360730707","3.664979397046710","768.18181818181818181818173223","-3.963051729883630","0.0019004594715068836032412656","8.681818181818181818181817322","3.11799720939845","8.716894977168949771689498188","5.312713141088912","971.5287517531556802244038224","-2.462562705397948","0.0018192351227029760950525518","10.715287517531556802244038224","3.42159865647922","10.770098730606488011283498316"
"insincere","59","0","0","5","0","0","5.534035072334320","1196.3636363636363636363637733","-2.300357230576120","0.0025083307829648577577852697","12.963636363636363636363637733","3.69639855291923","13.018264840182648401826485771","3.664979397046710","768.18181818181818181818173223","-3.963051729883630","0.0019004594715068836032412656","8.681818181818181818181817322","3.11799720939845","8.716894977168949771689498188","0.0399173903988630","-33.02945301542776998597476826","-7.7353584560879970","-0.0000183511602715841172947404","0.6697054698457223001402523174","-0.578401343520777","0.6695896176780077165906698864"
"shows","0","32","16","0","11","16","9.296695294232784","-94.10743801652892561983471016","1.462302991322344","0.0022845163316655407331438126","0.0589256198347107438016528984","-4.08496116060543","0.0584976642275414444582248186","20.665998195728622","-97.28693181818181818181818155","13.037967068798282","0.0049367925400890527532955255","0.0271306818181818181818181845","-5.20393088548891","0.0266882673942701227830832222","4.013647942477306","-53.957748948106591865357643685","-3.761627904009554","0.0007076010493918948920897547","0.4604225105189340813464235632","-1.11896972488348","0.4562279151943462897526501763"
"asking","60","0","0","5","0","0","5.534035072334320","1196.3636363636363636363637733","-2.300357230576120","0.0025083307829648577577852697","12.963636363636363636363637733","3.69639855291923","13.018264840182648401826485771","3.664979397046710","768.18181818181818181818173223","-3.963051729883630","0.0019004594715068836032412656","8.681818181818181818181817322","3.11799720939845","8.716894977168949771689498188","0.0399173903988630","-33.02945301542776998597476826","-7.7353584560879970","-0.0000183511602715841172947404","0.6697054698457223001402523174","-0.578401343520777","0.6695896176780077165906698864"
"loves","0","36","27","0","9","9","7.205424516944072","-92.79797979797979797979797904","-0.628967785966368","0.0020088550485629296709961365","0.0720202020202020202020202096","-3.79545454341045","0.0715982012025668233035218099","10.501072862205352","-95.17676767676767676767676721","2.873041735275012","0.003441149788229726906540831","0.0482323232323232323232323279","-4.37385588693122","0.047799504825425698549845894","0.718513027179534","-33.029453015427769985974755148","-7.056762819307326","0.0001526549620546771765115646","0.6697054698457223001402524485","-0.578401343520777","0.6676076217360621030345800958"
"confident","52","0","0","5","0","0","5.534035072334320","1196.3636363636363636363637733","-2.300357230576120","0.0025083307829648577577852697","12.963636363636363636363637733","3.69639855291923","13.018264840182648401826485771","3.664979397046710","768.18181818181818181818173223","-3.963051729883630","0.0019004594715068836032412656","8.681818181818181818181817322","3.11799720939845","8.716894977168949771689498188","0.0399173903988630","-33.02945301542776998597476826","-7.7353584560879970","-0.0000183511602715841172947404","0.6697054698457223001402523174","-0.578401343520777","0.6695896176780077165906698864"
"meaningless","46","0","0","6","0","0","7.022223981879916","1455.6363636363636363636365564","-0.812168321030524","0.0026718344354857423653604843","15.556363636363636363636365564","3.95943295875302","15.636197440585009140767826504","4.740445954632114","941.8181818181818181818180978","-2.887585172298226","0.0020866785147756947538746334","10.418181818181818181818180978","3.38103161523224","10.469835466179159049360146752","0.0399173903988630","-33.02945301542776998597476826","-7.7353584560879970","-0.0000183511602715841172947404","0.6697054698457223001402523174","-0.578401343520777","0.6695896176780077165906698864"
"inspiration","0","29","0","0","12","0","10.355051997238330","-94.59848484848484848484848433","2.520659694327890","0.00241937135091424970975891","0.0540151515151515151515151567","-4.21049204268929","0.0535849628619069273912384469","0.00499109347358740","-13.181818181818181818181817227","-7.62304003345675260","-0.0000031693765333533260730309","0.8681818181818181818181818277","-0.203930885488911","0.8681218735788994997726240458","9.018494704954738","1507.2931276297335203366057528","1.243218858467878","0.0023494456502609032182687427","16.072931276297335203366057528","4.00656115720038","16.200848656294200848656294981"
"girlfriend","0","34","26","0","10","10","8.246275161735810","-93.51818181818181818181818116","0.411882858825370","0.0021476675523496960507594837","0.0648181818181818181818181884","-3.9474576368555","0.0643929058663028649386084645","11.931035676023910","-95.65909090909090909090909049","4.303004549093570","0.0036628729302698428338823788","0.0434090909090909090909090951","-4.52585898037627","0.0429740791268758526603001406","0.798347807977260","-33.029453015427769985974754864","-6.976928038509600","0.0001610337930443806940715814","0.6697054698457223001402524514","-0.578401343520777","0.6673728813559322033898305093"
"sure","0","37","0","0","9","0","7.205424516944072","-92.79797979797979797979797904","-0.628967785966368","0.0020088550485629296709961365","0.0720202020202020202020202096","-3.79545454341045","0.0715982012025668233035218099","0.00499109347358740","-13.181818181818181818181817227","-7.62304003345675260","-0.0000031693765333533260730309","0.8681818181818181818181818277","-0.203930885488911","0.8681218735788994997726240458","6.223565963201918","1105.469845722300140252454305","-1.551709883284942","0.0019539449049852981104966925","12.05469845722300140252454305","3.59152365792154","12.124911785462244177840508677"
"best","0","39","0","0","9","0","7.205424516944072","-92.79797979797979797979797904","-0.628967785966368","0.0020088550485629296709961365","0.0720202020202020202020202096","-3.79545454341045","0.0715982012025668233035218099","0.00499109347358740","-13.181818181818181818181817227","-7.62304003345675260","-0.0000031693765333533260730309","0.8681818181818181818181818277","-0.203930885488911","0.8681218735788994997726240458","6.223565963201918","1105.469845722300140252454305","-1.551709883284942","0.0019539449049852981104966925","12.05469845722300140252454305","3.59152365792154","12.124911785462244177840508677"
"easy","0","46","52","0","8","5","6.176338781983920","-91.89772727272727272727272639","-1.658053520926520","0.0018682913930805868440847269","0.0810227272727272727272727361","-3.62552954196813","0.0806048203728967712596634919","4.93716646179830","-91.31818181818181818181818089","-2.69086466513204","0.0025601466606583281707158263","0.0868181818181818181818181911","-3.52585898037627","0.0864029104138244656662119229","0.0147614854816932","7.1528751753155680224403924765","-7.7605143610051668","0.0000037542429330443674039011","1.0715287517531556802244039248","0.0996705615918607","1.0719322990126939351198871569"
"difficult","0","42","0","0","8","0","6.176338781983920","-91.89772727272727272727272639","-1.658053520926520","0.0018682913930805868440847269","0.0810227272727272727272727361","-3.62552954196813","0.0806048203728967712596634919","0.00499109347358740","-13.181818181818181818181817227","-7.62304003345675260","-0.0000031693765333533260730309","0.8681818181818181818181818277","-0.203930885488911","0.8681218735788994997726240458","5.312713141088912","971.5287517531556802244038224","-2.462562705397948","0.0018192351227029760950525518","10.715287517531556802244038224","3.42159865647922","10.770098730606488011283498316"
"edited","0","49","0","0","8","0","6.176338781983920","-91.89772727272727272727272639","-1.658053520926520","0.0018682913930805868440847269","0.0810227272727272727272727361","-3.62552954196813","0.0806048203728967712596634919","0.00499109347358740","-13.181818181818181818181817227","-7.62304003345675260","-0.0000031693765333533260730309","0.8681818181818181818181818277","-0.203930885488911","0.8681218735788994997726240458","5.312713141088912","971.5287517531556802244038224","-2.462562705397948","0.0018192351227029760950525518","10.715287517531556802244038224","3.42159865647922","10.770098730606488011283498316"
"bother","56","0","0","5","0","0","5.534035072334320","1196.3636363636363636363637733","-2.300357230576120","0.0025083307829648577577852697","12.963636363636363636363637733","3.69639855291923","13.018264840182648401826485771","3.664979397046710","768.18181818181818181818173223","-3.963051729883630","0.0019004594715068836032412656","8.681818181818181818181817322","3.11799720939845","8.716894977168949771689498188","0.0399173903988630","-33.02945301542776998597476826","-7.7353584560879970","-0.0000183511602715841172947404","0.6697054698457223001402523174","-0.578401343520777","0.6695896176780077165906698864"
"day","0","48","0","0","8","0","6.176338781983920","-91.89772727272727272727272639","-1.658053520926520","0.0018682913930805868440847269","0.0810227272727272727272727361","-3.62552954196813","0.0806048203728967712596634919","0.00499109347358740","-13.181818181818181818181817227","-7.62304003345675260","-0.0000031693765333533260730309","0.8681818181818181818181818277","-0.203930885488911","0.8681218735788994997726240458","5.312713141088912","971.5287517531556802244038224","-2.462562705397948","0.0018192351227029760950525518","10.715287517531556802244038224","3.42159865647922","10.770098730606488011283498316"
"guy","0","50","18","0","7","14","5.162068269311176","-90.74025974025974025974025888","-2.672324033599264","0.001726609725186406984339212","0.0925974025974025974025974112","-3.43288446402574","0.0921847593061781329175599397","17.732066904030752","-96.89935064935064935064935034","10.104035777100412","0.0045228076723448922784620411","0.0310064935064935064935064966","-5.01128580754652","0.0305658416163191060871824885","6.023272536966272","-66.514726507713884992987377068","-1.752003309520588","0.001187129897496270946379446","0.3348527349228611500701262293","-1.57840134352078","0.3315715292459478505990133862"
"tool","0","44","0","0","8","0","6.176338781983920","-91.89772727272727272727272639","-1.658053520926520","0.0018682913930805868440847269","0.0810227272727272727272727361","-3.62552954196813","0.0806048203728967712596634919","0.00499109347358740","-13.181818181818181818181817227","-7.62304003345675260","-0.0000031693765333533260730309","0.8681818181818181818181818277","-0.203930885488911","0.8681218735788994997726240458","5.312713141088912","971.5287517531556802244038224","-2.462562705397948","0.0018192351227029760950525518","10.715287517531556802244038224","3.42159865647922","10.770098730606488011283498316"
"man","0","51","30","0","7","9","5.162068269311176","-90.74025974025974025974025888","-2.672324033599264","0.001726609725186406984339212","0.0925974025974025974025974112","-3.43288446402574","0.0921847593061781329175599397","10.501072862205352","-95.17676767676767676767676721","2.873041735275012","0.003441149788229726906540831","0.0482323232323232323232323279","-4.37385588693122","0.047799504825425698549845894","1.691167912440434","-47.911796789777154433535920081","-6.084107934046426","0.0003820694273351831851768914","0.5208820321022284556646407992","-0.940971422905485","0.5185185185185185185185185119"
"itâ","0","62","0","0","6","0","4.167029417814348","-89.19696969696969696969696865","-3.667362885096092","0.0015854824227947662778877351","0.1080303030303030303030303135","-3.21049204268929","0.107624677883886615128088536","0.00499109347358740","-13.181818181818181818181817227","-7.62304003345675260","-0.0000031693765333533260730309","0.8681818181818181818181818277","-0.203930885488911","0.8681218735788994997726240458","3.539869602613620","703.64656381486676016830287638","-4.235406243873240","0.0015515101774264724022489241","8.036465638148667601683028764","3.00656115720038","8.066197183098591549295774997"
"send","0","60","0","0","6","0","4.167029417814348","-89.19696969696969696969696865","-3.667362885096092","0.0015854824227947662778877351","0.1080303030303030303030303135","-3.21049204268929","0.107624677883886615128088536","0.00499109347358740","-13.181818181818181818181817227","-7.62304003345675260","-0.0000031693765333533260730309","0.8681818181818181818181818277","-0.203930885488911","0.8681218735788994997726240458","3.539869602613620","703.64656381486676016830287638","-4.235406243873240","0.0015515101774264724022489241","8.036465638148667601683028764","3.00656115720038","8.066197183098591549295774997"
"romantic","0","54","0","0","7","0","5.162068269311176","-90.74025974025974025974025888","-2.672324033599264","0.001726609725186406984339212","0.0925974025974025974025974112","-3.43288446402574","0.0921847593061781329175599397","0.00499109347358740","-13.181818181818181818181817227","-7.62304003345675260","-0.0000031693765333533260730309","0.8681818181818181818181818277","-0.203930885488911","0.8681218735788994997726240458","4.416675541263300","837.587657784011220196353359","-3.358600305223560","0.0016842838087609345141606736","9.37587657784011220196353359","3.22895357853683","9.417195207892882311486963008"
"copied","37","0","0","7","0","0","8.536389117752302","1714.9090909090909090909093111","0.701996814841862","0.0028552533015324309779223432","18.149090909090909090909093111","4.18182538008947","18.25892040256175663311985604","5.841888738544298","1115.4545454545454545454544442","-1.786142388386042","0.0022767951426694070864893439","12.154545454545454545454544442","3.60342403656869","12.225983531564501372369625525","0.0399173903988630","-33.02945301542776998597476826","-7.7353584560879970","-0.0000183511602715841172947404","0.6697054698457223001402523174","-0.578401343520777","0.6695896176780077165906698864"
"wrong","0","66","0","0","6","0","4.167029417814348","-89.19696969696969696969696865","-3.667362885096092","0.0015854824227947662778877351","0.1080303030303030303030303135","-3.21049204268929","0.107624677883886615128088536","0.00499109347358740","-13.181818181818181818181817227","-7.62304003345675260","-0.0000031693765333533260730309","0.8681818181818181818181818277","-0.203930885488911","0.8681218735788994997726240458","3.539869602613620","703.64656381486676016830287638","-4.235406243873240","0.0015515101774264724022489241","8.036465638148667601683028764","3.00656115720038","8.066197183098591549295774997"
"card","0","61","0","0","6","0","4.167029417814348","-89.19696969696969696969696865","-3.667362885096092","0.0015854824227947662778877351","0.1080303030303030303030303135","-3.21049204268929","0.107624677883886615128088536","0.00499109347358740","-13.181818181818181818181817227","-7.62304003345675260","-0.0000031693765333533260730309","0.8681818181818181818181818277","-0.203930885488911","0.8681218735788994997726240458","3.539869602613620","703.64656381486676016830287638","-4.235406243873240","0.0015515101774264724022489241","8.036465638148667601683028764","3.00656115720038","8.066197183098591549295774997"
"letters","0","69","0","0","5","0","3.19796679264430","-87.03636363636363636363636232","-4.63642551026614","0.0014494954303759961107058605","0.1296363636363636363636363768","-2.9474576368555","0.1292405638926784902228285718","0.00499109347358740","-13.181818181818181818181817227","-7.62304003345675260","-0.0000031693765333533260730309","0.8681818181818181818181818277","-0.203930885488911","0.8681218735788994997726240458","2.689039890290730","569.7054698457223001402523938","-5.086235956196130","0.0014274489335869402241254558","6.697054698457223001402523938","2.74352675136658","6.7171006333567909922589728357"
"needs","0","67","0","0","6","0","4.167029417814348","-89.19696969696969696969696865","-3.667362885096092","0.0015854824227947662778877351","0.1080303030303030303030303135","-3.21049204268929","0.107624677883886615128088536","0.00499109347358740","-13.181818181818181818181817227","-7.62304003345675260","-0.0000031693765333533260730309","0.8681818181818181818181818277","-0.203930885488911","0.8681218735788994997726240458","3.539869602613620","703.64656381486676016830287638","-4.235406243873240","0.0015515101774264724022489241","8.036465638148667601683028764","3.00656115720038","8.066197183098591549295774997"
"technology","0","74","0","0","5","0","3.19796679264430","-87.03636363636363636363636232","-4.63642551026614","0.0014494954303759961107058605","0.1296363636363636363636363768","-2.9474576368555","0.1292405638926784902228285718","0.00499109347358740","-13.181818181818181818181817227","-7.62304003345675260","-0.0000031693765333533260730309","0.8681818181818181818181818277","-0.203930885488911","0.8681218735788994997726240458","2.689039890290730","569.7054698457223001402523938","-5.086235956196130","0.0014274489335869402241254558","6.697054698457223001402523938","2.74352675136658","6.7171006333567909922589728357"
"loving","0","53","23","0","7","12","5.162068269311176","-90.74025974025974025974025888","-2.672324033599264","0.001726609725186406984339212","0.0925974025974025974025974112","-3.43288446402574","0.0921847593061781329175599397","14.818036849580070","-96.3825757575757575757575754","7.190005722649730","0.0040983785523009382924365495","0.036174242424242424242424246","-4.78889338621007","0.0357359405790510838259815103","4.094430054685524","-60.933847592332865825151939957","-3.680845791801336","0.0008467417623145105758455184","0.3906615240766713417484806004","-1.35600892218433","0.3876556260277190509748649258"
"true","0","57","0","0","7","0","5.162068269311176","-90.74025974025974025974025888","-2.672324033599264","0.001726609725186406984339212","0.0925974025974025974025974112","-3.43288446402574","0.0921847593061781329175599397","0.00499109347358740","-13.181818181818181818181817227","-7.62304003345675260","-0.0000031693765333533260730309","0.8681818181818181818181818277","-0.203930885488911","0.8681218735788994997726240458","4.416675541263300","837.587657784011220196353359","-3.358600305223560","0.0016842838087609345141606736","9.37587657784011220196353359","3.22895357853683","9.417195207892882311486963008"
"see","0","81","0","0","5","0","3.19796679264430","-87.03636363636363636363636232","-4.63642551026614","0.0014494954303759961107058605","0.1296363636363636363636363768","-2.9474576368555","0.1292405638926784902228285718","0.00499109347358740","-13.181818181818181818181817227","-7.62304003345675260","-0.0000031693765333533260730309","0.8681818181818181818181818277","-0.203930885488911","0.8681218735788994997726240458","2.689039890290730","569.7054698457223001402523938","-5.086235956196130","0.0014274489335869402241254558","6.697054698457223001402523938","2.74352675136658","6.7171006333567909922589728357"
"emotions","0","70","0","0","5","0","3.19796679264430","-87.03636363636363636363636232","-4.63642551026614","0.0014494954303759961107058605","0.1296363636363636363636363768","-2.9474576368555","0.1292405638926784902228285718","0.00499109347358740","-13.181818181818181818181817227","-7.62304003345675260","-0.0000031693765333533260730309","0.8681818181818181818181818277","-0.203930885488911","0.8681218735788994997726240458","2.689039890290730","569.7054698457223001402523938","-5.086235956196130","0.0014274489335869402241254558","6.697054698457223001402523938","2.74352675136658","6.7171006333567909922589728357"
"ideas","0","22","0","0","15","0","13.566556013034950","-95.67878787878787878787878744","5.732163710124510","0.0028126364830099594957870966","0.0432121212121212121212121256","-4.53242013757665","0.0427770198575109898438684294","0.00499109347358740","-13.181818181818181818181817227","-7.62304003345675260","-0.0000031693765333533260730309","0.8681818181818181818181818277","-0.203930885488911","0.8681218735788994997726240458","11.875299982209920","1909.1164095371669004207571814","4.100024135723060","0.002729487804708950454717736","20.091164095371669004207571814","4.32848925208774","20.294117647058823529411765593"
"trying","0","68","0","0","5","0","3.19796679264430","-87.03636363636363636363636232","-4.63642551026614","0.0014494954303759961107058605","0.1296363636363636363636363768","-2.9474576368555","0.1292405638926784902228285718","0.00499109347358740","-13.181818181818181818181817227","-7.62304003345675260","-0.0000031693765333533260730309","0.8681818181818181818181818277","-0.203930885488911","0.8681218735788994997726240458","2.689039890290730","569.7054698457223001402523938","-5.086235956196130","0.0014274489335869402241254558","6.697054698457223001402523938","2.74352675136658","6.7171006333567909922589728357"
"start","0","71","0","0","5","0","3.19796679264430","-87.03636363636363636363636232","-4.63642551026614","0.0014494954303759961107058605","0.1296363636363636363636363768","-2.9474576368555","0.1292405638926784902228285718","0.00499109347358740","-13.181818181818181818181817227","-7.62304003345675260","-0.0000031693765333533260730309","0.8681818181818181818181818277","-0.203930885488911","0.8681218735788994997726240458","2.689039890290730","569.7054698457223001402523938","-5.086235956196130","0.0014274489335869402241254558","6.697054698457223001402523938","2.74352675136658","6.7171006333567909922589728357"
"warm","0","82","14","0","5","20","3.19796679264430","-87.03636363636363636363636232","-4.63642551026614","0.0014494954303759961107058605","0.1296363636363636363636363768","-2.9474576368555","0.1292405638926784902228285718","26.576480555808920","-97.82954545454545454545454523","18.948449428878580","0.005737351797031930216931457","0.0217045454545454545454545477","-5.52585898037627","0.0212596634834015461573442494","16.648931518462120","-83.25736325385694249649368864","8.873655671975260","0.0030331744490708747830268251","0.1674263674614305750350631136","-2.57840134352078","0.1644968332160450387051372262"
"touch","53","0","0","5","0","0","5.534035072334320","1196.3636363636363636363637733","-2.300357230576120","0.0025083307829648577577852697","12.963636363636363636363637733","3.69639855291923","13.018264840182648401826485771","3.664979397046710","768.18181818181818181818173223","-3.963051729883630","0.0019004594715068836032412656","8.681818181818181818181817322","3.11799720939845","8.716894977168949771689498188","0.0399173903988630","-33.02945301542776998597476826","-7.7353584560879970","-0.0000183511602715841172947404","0.6697054698457223001402523174","-0.578401343520777","0.6695896176780077165906698864"
"heartfelt","0","85","0","0","5","0","3.19796679264430","-87.03636363636363636363636232","-4.63642551026614","0.0014494954303759961107058605","0.1296363636363636363636363768","-2.9474576368555","0.1292405638926784902228285718","0.00499109347358740","-13.181818181818181818181817227","-7.62304003345675260","-0.0000031693765333533260730309","0.8681818181818181818181818277","-0.203930885488911","0.8681218735788994997726240458","2.689039890290730","569.7054698457223001402523938","-5.086235956196130","0.0014274489335869402241254558","6.697054698457223001402523938","2.74352675136658","6.7171006333567909922589728357"
"edit","0","83","0","0","5","0","3.19796679264430","-87.03636363636363636363636232","-4.63642551026614","0.0014494954303759961107058605","0.1296363636363636363636363768","-2.9474576368555","0.1292405638926784902228285718","0.00499109347358740","-13.181818181818181818181817227","-7.62304003345675260","-0.0000031693765333533260730309","0.8681818181818181818181818277","-0.203930885488911","0.8681218735788994997726240458","2.689039890290730","569.7054698457223001402523938","-5.086235956196130","0.0014274489335869402241254558","6.697054698457223001402523938","2.74352675136658","6.7171006333567909922589728357"
"heâ","0","77","0","0","5","0","3.19796679264430","-87.03636363636363636363636232","-4.63642551026614","0.0014494954303759961107058605","0.1296363636363636363636363768","-2.9474576368555","0.1292405638926784902228285718","0.00499109347358740","-13.181818181818181818181817227","-7.62304003345675260","-0.0000031693765333533260730309","0.8681818181818181818181818277","-0.203930885488911","0.8681218735788994997726240458","2.689039890290730","569.7054698457223001402523938","-5.086235956196130","0.0014274489335869402241254558","6.697054698457223001402523938","2.74352675136658","6.7171006333567909922589728357"
"thoughtful","0","0","21","0","0","13","0.0167961849402790","29.636363636363636363636391586","-7.8175961179701610","-0.0000079984437941857581648855","1.2963636363636363636363639159","0.374470458031866","1.2964984083674397453387906516","16.272194722275248","-96.66083916083916083916083883","8.644163595344908","0.004311954217329544902734402","0.0333916083916083916083916117","-4.90437060363","0.032952041137580018889705114","19.988239008113726","-97.42420973136260653792210624","12.212963161626866","0.0049699646821616366701495968","0.0257579026863739346207789376","-5.27884106166187","0.0254161832555378679545638476"
"sincere","0","0","28","0","0","9","0.0167961849402790","29.636363636363636363636391586","-7.8175961179701610","-0.0000079984437941857581648855","1.2963636363636363636363639159","0.374470458031866","1.2964984083674397453387906516","10.501072862205352","-95.17676767676767676767676721","2.873041735275012","0.003441149788229726906540831","0.0482323232323232323232323279","-4.37385588693122","0.047799504825425698549845894","13.039159391591606","-96.27941405641265388810970903","5.263883545104746","0.0040937621950396629593782322","0.0372058594358734611189029097","-4.74832634496309","0.0368681554230484430414279542"
"right","0","27","0","0","12","0","10.355051997238330","-94.59848484848484848484848433","2.520659694327890","0.00241937135091424970975891","0.0540151515151515151515151567","-4.21049204268929","0.0535849628619069273912384469","0.00499109347358740","-13.181818181818181818181817227","-7.62304003345675260","-0.0000031693765333533260730309","0.8681818181818181818181818277","-0.203930885488911","0.8681218735788994997726240458","9.018494704954738","1507.2931276297335203366057528","1.243218858467878","0.0023494456502609032182687427","16.072931276297335203366057528","4.00656115720038","16.200848656294200848656294981"
"cared","0","84","0","0","5","0","3.19796679264430","-87.03636363636363636363636232","-4.63642551026614","0.0014494954303759961107058605","0.1296363636363636363636363768","-2.9474576368555","0.1292405638926784902228285718","0.00499109347358740","-13.181818181818181818181817227","-7.62304003345675260","-0.0000031693765333533260730309","0.8681818181818181818181818277","-0.203930885488911","0.8681218735788994997726240458","2.689039890290730","569.7054698457223001402523938","-5.086235956196130","0.0014274489335869402241254558","6.697054698457223001402523938","2.74352675136658","6.7171006333567909922589728357"
"fact","54","52","35","5","7","7","0.0173218845498618","-7.4025974025974025974025989424","-7.8170704183605782","0.0000041470248106914307954996","0.9259740259740259740259740106","-0.110956369138376","0.9256360078277886497064579404","0.677495307936582","-37.987012987012987012987013204","-6.950535818993758","0.0001918328494690597982014657","0.620129870129870129870129868","-0.689357712659153","0.6183953033268101761252446208","0.558843465584082","-33.029453015427769985974753679","-7.216432380902778","0.0001360246522863869072828946","0.6697054698457223001402524632","-0.578401343520777","0.6680761099365750528541226135"
"caring","0","28","8","0","12","35","10.355051997238330","-94.59848484848484848484848433","2.520659694327890","0.00241937135091424970975891","0.0540151515151515151515151567","-4.21049204268929","0.0535849628619069273912384469","49.011746393137920","-98.75974025974025974025974013","41.383715266207580","0.0085080937518105605095950403","0.0124025974025974025974025987","-6.33321390243388","0.0119534853504839862275060104","22.851298651157602","-77.038669605289521138048487179","15.076022804670742","0.0032682042951404675039594184","0.2296133039471047886195151282","-2.12272185974459","0.2230753687613659325116185094"
"show","57","75","0","5","5","0","0.167961849402790","29.636363636363636363636362537","-7.666430453507650","0.0000451947918893921287660997","1.2963636363636363636363636254","0.374470458031866","1.2977168949771689497716895135","3.664979397046710","768.18181818181818181818173223","-3.963051729883630","0.0019004594715068836032412656","8.681818181818181818181817322","3.11799720939845","8.716894977168949771689498188","2.689039890290730","569.7054698457223001402523938","-5.086235956196130","0.0014274489335869402241254558","6.697054698457223001402523938","2.74352675136658","6.7171006333567909922589728357"
"creative","0","79","0","0","5","0","3.19796679264430","-87.03636363636363636363636232","-4.63642551026614","0.0014494954303759961107058605","0.1296363636363636363636363768","-2.9474576368555","0.1292405638926784902228285718","0.00499109347358740","-13.181818181818181818181817227","-7.62304003345675260","-0.0000031693765333533260730309","0.8681818181818181818181818277","-0.203930885488911","0.8681218735788994997726240458","2.689039890290730","569.7054698457223001402523938","-5.086235956196130","0.0014274489335869402241254558","6.697054698457223001402523938","2.74352675136658","6.7171006333567909922589728357"
"special","58","0","0","5","0","0","5.534035072334320","1196.3636363636363636363637733","-2.300357230576120","0.0025083307829648577577852697","12.963636363636363636363637733","3.69639855291923","13.018264840182648401826485771","3.664979397046710","768.18181818181818181818173223","-3.963051729883630","0.0019004594715068836032412656","8.681818181818181818181817322","3.11799720939845","8.716894977168949771689498188","0.0399173903988630","-33.02945301542776998597476826","-7.7353584560879970","-0.0000183511602715841172947404","0.6697054698457223001402523174","-0.578401343520777","0.6695896176780077165906698864"
"sounds","0","0","36","0","0","7","0.0167961849402790","29.636363636363636363636391586","-7.8175961179701610","-0.0000079984437941857581648855","1.2963636363636363636363639159","0.374470458031866","1.2964984083674397453387906516","7.679492276518802","-93.79870129870129870129870064","0.051461149588462","0.0029929756446717463927088938","0.0620129870129870129870129936","-4.01128580754652","0.0615864353927109725199766186","9.628599927678944","-95.2163895011019835704267687","1.853324081192084","0.0036718329901561489375989714","0.047836104988980164295732313","-4.38575626557838","0.0475021295785939770506589105"
"job","0","80","0","0","5","0","3.19796679264430","-87.03636363636363636363636232","-4.63642551026614","0.0014494954303759961107058605","0.1296363636363636363636363768","-2.9474576368555","0.1292405638926784902228285718","0.00499109347358740","-13.181818181818181818181817227","-7.62304003345675260","-0.0000031693765333533260730309","0.8681818181818181818181818277","-0.203930885488911","0.8681218735788994997726240458","2.689039890290730","569.7054698457223001402523938","-5.086235956196130","0.0014274489335869402241254558","6.697054698457223001402523938","2.74352675136658","6.7171006333567909922589728357"
"positive","0","0","51","0","0","5","0.0167961849402790","29.636363636363636363636391586","-7.8175961179701610","-0.0000079984437941857581648855","1.2963636363636363636363639159","0.374470458031866","1.2964984083674397453387906516","4.93716646179830","-91.31818181818181818181818089","-2.69086466513204","0.0025601466606583281707158263","0.0868181818181818181818181911","-3.52585898037627","0.0864029104138244656662119229","6.297295234732330","-93.30294530154277699859747619","-1.477980611754530","0.0033428538564107790062896921","0.0669705469845722300140252381","-3.90032943840814","0.0666432830585759382672746319"
"lovely","0","0","44","0","0","6","0.0167961849402790","29.636363636363636363636391586","-7.8175961179701610","-0.0000079984437941857581648855","1.2963636363636363636363639159","0.374470458031866","1.2964984083674397453387906516","6.295341255995156","-92.76515151515151515151515074","-1.332689870935184","0.0027711218454521091213748826","0.0723484848484848484848484926","-3.78889338621007","0.0719266333181749279975746625","7.949959468042232","-94.41912108461898083216456349","0.174683621555372","0.0034844342898078732553834638","0.0558087891538101916783543651","-4.16336384424193","0.0554776101952531275575821281"
"deeply","0","0","32","0","0","7","0.0167961849402790","29.636363636363636363636391586","-7.8175961179701610","-0.0000079984437941857581648855","1.2963636363636363636363639159","0.374470458031866","1.2964984083674397453387906516","7.679492276518802","-93.79870129870129870129870064","0.051461149588462","0.0029929756446717463927088938","0.0620129870129870129870129936","-4.01128580754652","0.0615864353927109725199766186","9.628599927678944","-95.2163895011019835704267687","1.853324081192084","0.0036718329901561489375989714","0.047836104988980164295732313","-4.38575626557838","0.0475021295785939770506589105"
"individual","0","0","39","0","0","6","0.0167961849402790","29.636363636363636363636391586","-7.8175961179701610","-0.0000079984437941857581648855","1.2963636363636363636363639159","0.374470458031866","1.2964984083674397453387906516","6.295341255995156","-92.76515151515151515151515074","-1.332689870935184","0.0027711218454521091213748826","0.0723484848484848484848484926","-3.78889338621007","0.0719266333181749279975746625","7.949959468042232","-94.41912108461898083216456349","0.174683621555372","0.0034844342898078732553834638","0.0558087891538101916783543651","-4.16336384424193","0.0554776101952531275575821281"
"suggestions","0","58","0","0","7","0","5.162068269311176","-90.74025974025974025974025888","-2.672324033599264","0.001726609725186406984339212","0.0925974025974025974025974112","-3.43288446402574","0.0921847593061781329175599397","0.00499109347358740","-13.181818181818181818181817227","-7.62304003345675260","-0.0000031693765333533260730309","0.8681818181818181818181818277","-0.203930885488911","0.8681218735788994997726240458","4.416675541263300","837.587657784011220196353359","-3.358600305223560","0.0016842838087609345141606736","9.37587657784011220196353359","3.22895357853683","9.417195207892882311486963008"
"respect","0","0","33","0","0","7","0.0167961849402790","29.636363636363636363636391586","-7.8175961179701610","-0.0000079984437941857581648855","1.2963636363636363636363639159","0.374470458031866","1.2964984083674397453387906516","7.679492276518802","-93.79870129870129870129870064","0.051461149588462","0.0029929756446717463927088938","0.0620129870129870129870129936","-4.01128580754652","0.0615864353927109725199766186","9.628599927678944","-95.2163895011019835704267687","1.853324081192084","0.0036718329901561489375989714","0.047836104988980164295732313","-4.38575626557838","0.0475021295785939770506589105"
"chose","0","0","45","0","0","6","0.0167961849402790","29.636363636363636363636391586","-7.8175961179701610","-0.0000079984437941857581648855","1.2963636363636363636363639159","0.374470458031866","1.2964984083674397453387906516","6.295341255995156","-92.76515151515151515151515074","-1.332689870935184","0.0027711218454521091213748826","0.0723484848484848484848484926","-3.78889338621007","0.0719266333181749279975746625","7.949959468042232","-94.41912108461898083216456349","0.174683621555372","0.0034844342898078732553834638","0.0558087891538101916783543651","-4.16336384424193","0.0554776101952531275575821281"
"sweet","0","0","41","0","0","6","0.0167961849402790","29.636363636363636363636391586","-7.8175961179701610","-0.0000079984437941857581648855","1.2963636363636363636363639159","0.374470458031866","1.2964984083674397453387906516","6.295341255995156","-92.76515151515151515151515074","-1.332689870935184","0.0027711218454521091213748826","0.0723484848484848484848484926","-3.78889338621007","0.0719266333181749279975746625","7.949959468042232","-94.41912108461898083216456349","0.174683621555372","0.0034844342898078732553834638","0.0558087891538101916783543651","-4.16336384424193","0.0554776101952531275575821281"
"generic","0","59","0","0","7","0","5.162068269311176","-90.74025974025974025974025888","-2.672324033599264","0.001726609725186406984339212","0.0925974025974025974025974112","-3.43288446402574","0.0921847593061781329175599397","0.00499109347358740","-13.181818181818181818181817227","-7.62304003345675260","-0.0000031693765333533260730309","0.8681818181818181818181818277","-0.203930885488911","0.8681218735788994997726240458","4.416675541263300","837.587657784011220196353359","-3.358600305223560","0.0016842838087609345141606736","9.37587657784011220196353359","3.22895357853683","9.417195207892882311486963008"
"life","0","72","37","0","5","6","3.19796679264430","-87.03636363636363636363636232","-4.63642551026614","0.0014494954303759961107058605","0.1296363636363636363636363768","-2.9474576368555","0.1292405638926784902228285718","6.295341255995156","-92.76515151515151515151515074","-1.332689870935184","0.0027711218454521091213748826","0.0723484848484848484848484926","-3.78889338621007","0.0719266333181749279975746625","0.931043280713314","-44.191210846189808321645628521","-6.844232565773546","0.0002634388278142983898378516","0.5580878915381019167835437148","-0.841435749354571","0.5565329580107905231057940411"
"create","0","73","0","0","5","0","3.19796679264430","-87.03636363636363636363636232","-4.63642551026614","0.0014494954303759961107058605","0.1296363636363636363636363768","-2.9474576368555","0.1292405638926784902228285718","0.00499109347358740","-13.181818181818181818181817227","-7.62304003345675260","-0.0000031693765333533260730309","0.8681818181818181818181818277","-0.203930885488911","0.8681218735788994997726240458","2.689039890290730","569.7054698457223001402523938","-5.086235956196130","0.0014274489335869402241254558","6.697054698457223001402523938","2.74352675136658","6.7171006333567909922589728357"
"great","0","0","47","0","0","5","0.0167961849402790","29.636363636363636363636391586","-7.8175961179701610","-0.0000079984437941857581648855","1.2963636363636363636363639159","0.374470458031866","1.2964984083674397453387906516","4.93716646179830","-91.31818181818181818181818089","-2.69086466513204","0.0025601466606583281707158263","0.0868181818181818181818181911","-3.52585898037627","0.0864029104138244656662119229","6.297295234732330","-93.30294530154277699859747619","-1.477980611754530","0.0033428538564107790062896921","0.0669705469845722300140252381","-3.90032943840814","0.0666432830585759382672746319"
"takes","0","0","34","0","0","7","0.0167961849402790","29.636363636363636363636391586","-7.8175961179701610","-0.0000079984437941857581648855","1.2963636363636363636363639159","0.374470458031866","1.2964984083674397453387906516","7.679492276518802","-93.79870129870129870129870064","0.051461149588462","0.0029929756446717463927088938","0.0620129870129870129870129936","-4.01128580754652","0.0615864353927109725199766186","9.628599927678944","-95.2163895011019835704267687","1.853324081192084","0.0036718329901561489375989714","0.047836104988980164295732313","-4.38575626557838","0.0475021295785939770506589105"
"showing","0","0","48","0","0","5","0.0167961849402790","29.636363636363636363636391586","-7.8175961179701610","-0.0000079984437941857581648855","1.2963636363636363636363639159","0.374470458031866","1.2964984083674397453387906516","4.93716646179830","-91.31818181818181818181818089","-2.69086466513204","0.0025601466606583281707158263","0.0868181818181818181818181911","-3.52585898037627","0.0864029104138244656662119229","6.297295234732330","-93.30294530154277699859747619","-1.477980611754530","0.0033428538564107790062896921","0.0669705469845722300140252381","-3.90032943840814","0.0666432830585759382672746319"
"loved","0","0","43","0","0","6","0.0167961849402790","29.636363636363636363636391586","-7.8175961179701610","-0.0000079984437941857581648855","1.2963636363636363636363639159","0.374470458031866","1.2964984083674397453387906516","6.295341255995156","-92.76515151515151515151515074","-1.332689870935184","0.0027711218454521091213748826","0.0723484848484848484848484926","-3.78889338621007","0.0719266333181749279975746625","7.949959468042232","-94.41912108461898083216456349","0.174683621555372","0.0034844342898078732553834638","0.0558087891538101916783543651","-4.16336384424193","0.0554776101952531275575821281"
